# Tamanho do Vetor,Tempo Medio de Execucao (s)
1000,0.3654623031616211
10000,6.018829345703125
100000,76.5166425704956
500000,463.3501434326172
