#Tamanho do Vetor,Tempo de Execução (ms)
1000,55.902107
10000,59.495798
100000,85.205346
500000,192.622769
