# Tamanho do Vetor,Tempo de Execução (ms)
1000,56.057339
10000,101.366507
100000,13486.894760
500000,368887.256200
