# Tamanho do Vetor,Tempo Medio de Execucao (ms)
1000,36.092281341552734
10000,3668.0924892425537
100000,422483.15358161926
