# Tamanho do Vetor,Tempo de Execução (ms)
1000,2.214000
10000,269.166000
100000,29848.889000
500000,720146.199000
